sequence,fitness
NPDGDTTLESGE,1.641
NAARMNRLNDAM,1.035
TEGGTDDTGGND,2.076
EDGDVIGSGKDD,2.074
NDGDGPCCEDDD,2.074
LHKDRRKPLPLP,0.92
QPRMWVNVYTCY,0.968
LDDDTPDRNRDW,1.741
DDEDDTSGGDTK,2.111
DPDKDGTLDAKE,1.518
NKAKACNGMKPR,0.918
CDVDPITCDNDD,1.948
NSPQLNLNPPQS,0.988
STDTAGDDATEG,2.09
VPKRLVVVMNTC,1.059
ANNNPWSGMMNG,0.965
MWVKGMKHKKMK,1.012
DMMHDKTDCNDT,1.706
HDDGVGVDGGDG,1.876
VGQNNDERRRQR,1.012
VARVDIDLQAIA,0.941
HLRLNKNRMQKS,1.008
QLGVHRNPRWNQ,1.008
CATNAKNNNMRG,1.0
VNSDPSNGQMRD,1.224
LEDDIDCDNNDF,1.766
LSNRRGREQYAG,1.008
QCRAGAMPAMYV,1.043
VDDSDPDDVKDT,2.068
DKDGDTIDEREI,1.306
VITNNWALAQVR,0.965
NKDNDDSLEIAE,1.616
CDEDDEGVKDDD,2.15
LHSQWLKVDHLL,1.012
SDDNHSDLGDDL,2.14
KKKKKKKKKKKK,1.012
HQWHRHRPPIRR,0.96
KVDCDDVDRLDS,2.0
DNPHQLLPVNWR,0.894
QDTTMMTRLDTM,1.059
RKHHGWRWEQWK,0.99
DDDSDEDSTDSH,2.103
NVVVQRRNHHTS,1.0
DSDEDTHVDCQE,1.51
KVIRYVVAPMKL,0.856
LDNPQEDADDDG,2.117
DKVCKIQKRKWH,0.98
PLNIAISNSPDS,1.03
IPNWTDQQRKNG,0.994
DKDGNGYISAAE,0.929
CKPARTDWPPMP,1.012
GDDEDDQCHQDG,2.171
IPNWTDKQGTNG,1.037
LDHTWGKWGHQS,0.953
PLPDNVVKAVVW,1.024
YEYEYEYEYEYE,0.56
CPTDDGHDDHDD,2.098
PKVVKDMPPWDT,1.235
VINKVISNPCVN,0.988
NSSNHSNNMPCQ,1.03
NRSMPLPMNPGD,1.165
IDMTCSMTDDDT,1.35
CHLKDLRKMGLR,0.992
EAPMPKVNVIVN,1.047
WLLDLRRQMDDT,1.447
QTATENSQMNSG,1.141
RDPDKNNRDWPI,1.059
TIKPRMVKLPSV,0.99
FEDHSDDTDEDT,2.12
TCTPTNTLNTMD,1.075
DAPSFAKVVPNR,0.99
RPPMLNVVRVVG,0.918
TISDIVKVVIRS,0.965
IDCRGTEDDDPN,2.299
LVKPMNKRWVRM,0.93
TQDSDDGMEDED,2.161
WHCDQTDDIDGH,2.039
MWQMKWTRKTRE,1.031
EKKDLTGDNDPD,1.976
KFKLAIPQRVPG,1.01
GDLVDCDEDCDD,1.759
RWHHVNVLWQDR,0.976
PGGVPFRLKMDP,1.012
IPNWTDKQRTNG,0.975
KMWDWEQKKKWI,1.02
KSKSKSKSKSKS,0.988
CNDDTAGECTND,2.078
NQHTPPKPLNNA,0.968
DPDKDGTIDLKE,1.506
NDGGDPMADNDN,1.918
KSSKSSKSSKSS,0.953
KVNFNKAVSNLK,0.98
WFGLQRHLKKKD,0.941
PVARKVVQICHP,0.976
VKKYVTPGAPVY,0.984
MKVAAAMAPKQV,0.941
GNKKNWRWYKNR,0.929
DSDEDVHDTEWV,1.88
AACPNLAVAAPM,0.941
VCNRIEPLKPIL,0.953
RDDETLDTLDSG,2.052
TNAGTMCTTNTD,1.175
MAMADAAAPMNA,1.07
KPWHGCASRTKR,0.929
IRNWPDKQRANG,0.977
VCEDHDPNDSHI,1.811
CCWHNPKWRRTR,1.036
