sequence,fitness
DAPSFAKVVPNR,0.388
KVNFNKAVSNLK,0.400
LVKPMNKRWVRM,0.400
DKDGNGYISAAE,0.929
DPDKDGTLDAKE,1.518
DKDGDGTITTKE,1.294
DKDGDTIDEREI,1.306
DPDKDGTIDLKE,1.506
DPDNDGTLDKKE,1.864
NPDNDGTIDARE,1.736
LSNRRGREQYAG,1.008
GIFKTTKCKHNS,0.856
KVIRYVVAPMKL,0.856
CHLKDLRKMGLR,0.992
VKKYVTPGAPVY,0.984
QPRMWVNVYTCY,0.968
NQHTPPKPLNNA,0.968
LHKDRRKPLPLP,0.920
QLGVHRNPRWNQ,1.008
HLRLNKNRMQKS,1.008
NSSNHSNNMPCQ,1.088
HQWHRHRPPIRR,0.960
RWHHVNVLWQDR,0.976
DNPHQLLPVNWR,0.894
WFGLQRHLKKKD,0.941
GQRWLYKMKDSM,0.941
LDHTWGKWGHQS,0.953
PVARKVVQICHP,0.976
DPMRVRPWYVAR,1.000
PGGVPFRLKMDP,1.012
VCNRIEPLKPIL,0.953
GNKKNWRWYKNR,0.929
KPWHGCASRTKR,0.929
NKAKACNGMKPR,0.918
TIKPRMVKLPSV,1.082
MKVAAAMAPKQV,0.941
NWRDCLSLIVPN,0.965
PLNIAISNSPDS,0.506
DCLAVPPNAVTI,0.953
VNSDPSNGQMRD,1.224
RGKMPLRWMTRK,0.965
IKGMNIKMPTDQ,0.906
PEGVSWRVLKAN,0.941
RPPMLNVVRVVG,0.918
YEYEYEYEYEYE,0.353
KSKSKSKSKSKS,0.988
PKVVKDMPPWDT,1.235
MLMKVPVIRRVW,0.976
VARVDIDLQAIA,0.941
VITNNWALAQVR,0.965
TISDIVKVVIRS,0.965
KSSKSSKSSKSS,0.953
WLLDLRRQMDDT,1.447
RDPDKNNRDWPI,1.059
LDDDTPDRNRDW,1.741
VGQNNDERRRQR,1.012
PGPPAGPTLSNR,1.024
NSPQLNLNPPQS,0.988
NRSMPLPMNPGD,1.165
NAARMNRLNDAM,1.035
ANNNPWSGMMNG,0.965
MWVKGMKHKKMK,1.012
VPKDKRKKLTNP,0.953
AACPNLAVAAPM,0.941
VPKRLVVVMNTC,1.059
EAPMPKVNVIVN,1.047
PLPDNVVKAVVW,1.024
CKPARTDWPPMP,1.012
CATNAKNNNMRG,1.000
VINKVISNPCVN,0.988
LHSQWLKVDHLL,1.012
QTATENSQMNSG,1.141
KKKKKKKKKKKK,1.012
KSSSKSSSKSSS,0.965